Time,RPin,RPout
0.0,1.3357404055342066,997.8122483227432
