Time,RPin,RPout
0,80,1003.2073839126749
0.25,80,1003.2073839126749
