Time,RPin,RPout
0,90,1003.3106270198954
0.25,90,1003.3106270198954
