Time,RPin,RPout
0,8,1002.0751828675525
0.25,8,1002.0751828675525
