Time,RPin,RPout
0,9,1002.1076522899031
0.25,9,1002.1076522899031
