Time,RPin,RPout
0,100,1003.4046510876746
0.25,100,1003.4046510876746
