Time,RPin,RPout
0,10,1002.1378947558136
0.25,10,1002.1378947558136
