Time,RPin,RPout
0,1,1001.7186390598496
0.25,1,1001.7186390598496
