Time,RPin,RPout
0,7,1002.0405984936274
0.25,7,1002.0405984936274
