Time,RPin,RPout
0,70,1003.0923939375571
0.25,70,1003.0923939375571
