Time,RPin,RPout
0,40,1002.7132359806494
0.25,40,1002.7132359806494
