Time,RPin,RPout
0,60,1002.9665170591136
0.25,60,1002.9665170591136
