Time,RPin,RPout
0,4,1001.9168341170509
0.25,4,1001.9168341170509
