"Time (h)    ","1D and 2D:  ","H Vol In    ","H Vol Out   ","Q Vol In    ","Q Vol Out   ","Tot Vol In  ","Tot Vol Out ","Vol I-O     ","dVol        ","Vol Err     ","Q ME (%)    ","Vol I+O     ","Tot Vol     ","Cum Vol I+O ","Cum Vol Err ","Cum ME (%)  ","Cum Q ME (%)"
         0.000,              ,  0.000000    ,  0.000000    ,  0.000000    ,  0.000000    ,  0.000000    ,  0.000000    ,  0.000000    ,  0.000000    ,  0.000000    ,  0.000000    ,  0.000000    ,  8176.464    ,  0.000000    ,  0.000000    ,  0.000000    ,  0.000000    
         4.000,              , 0.8567624    ,  986705.8    ,  1008000.    ,  0.000000    ,  1008001.    ,  986705.8    ,  21295.00    ,  21295.02    , 0.1279240E-01, 0.6413171E-06,  1994707.    ,  29471.48    ,  1994707.    , 0.1279240E-01, 0.6413171E-06, 0.6413171E-06
         4.500,              ,  0.000000    ,  126000.1    ,  126000.0    ,  0.000000    ,  126000.0    ,  126000.1    ,-0.7221889E-01,-0.8007812E-01,-0.7859230E-02,-0.3118741E-05,  252000.1    ,  29471.40    ,  2246707.    , 0.4933165E-02, 0.2195732E-06, 0.2195732E-06
         5.000,              ,  0.000000    ,  125999.9    ,  126000.0    ,  0.000000    ,  126000.0    ,  125999.9    , 0.6466675E-01, 0.8398438E-01, 0.1931763E-01, 0.7665726E-05,  251999.9    ,  29471.48    ,  2498707.    , 0.2425079E-01, 0.9705337E-06, 0.9705337E-06
         5.500,              ,  0.000000    ,  126000.0    ,  126000.0    ,  0.000000    ,  126000.0    ,  126000.0    , 0.3072739E-02, 0.1953125E-02,-0.1119614E-02,-0.4442911E-06,  252000.0    ,  29471.49    ,  2750707.    , 0.2313118E-01, 0.8409177E-06, 0.8409177E-06
         6.000,              ,  0.000000    ,  126000.0    ,  126000.0    ,  0.000000    ,  126000.0    ,  126000.0    , 0.2881050E-02,-0.7812500E-02,-0.1069355E-01,-0.4243473E-05,  252000.0    ,  29471.48    ,  3002707.    , 0.1243763E-01, 0.4142139E-06, 0.4142139E-06
         6.000,              ,  0.000000    ,  8.771896    ,  8.771896    ,  0.000000    ,  8.771896    ,  8.771896    ,  0.000000    ,-0.1757812E-01,-0.1757812E-01,-0.1001957    ,  17.54379    ,  29471.46    ,  3002724.    ,-0.5140497E-02,-0.1711944E-06,-0.1711944E-06
