"Time (h)    ","1D and 2D:  ","H Vol In    ","H Vol Out   ","Q Vol In    ","Q Vol Out   ","Tot Vol In  ","Tot Vol Out ","Vol I-O     ","dVol        ","Vol Err     ","Q ME (%)    ","Vol I+O     ","Tot Vol     ","Cum Vol I+O ","Cum Vol Err ","Cum ME (%)  ","Cum Q ME (%)"
         0.000,              ,  0.000000    ,  0.000000    ,  0.000000    ,  0.000000    ,  0.000000    ,  0.000000    ,  0.000000    ,  0.000000    ,  0.000000    ,  0.000000    ,  0.000000    ,  62.68058    ,  0.000000    ,  0.000000    ,  0.000000    ,  0.000000    
         4.000,              , 0.8295914    ,  29990.28    ,  43200.00    ,  0.000000    ,  43200.83    ,  29990.28    ,  13210.55    ,  13210.55    ,-0.8855270E-04,-0.1209883E-06,  73191.11    ,  13273.23    ,  73191.11    ,-0.8855270E-04,-0.1209883E-06,-0.1209883E-06
         4.500,              ,  0.000000    ,  5399.999    ,  5400.000    ,  0.000000    ,  5400.000    ,  5399.999    , 0.6160140E-03,  0.000000    ,-0.6160140E-03,-0.5703834E-05,  10800.00    ,  13273.23    ,  83991.11    ,-0.7045667E-03,-0.8388587E-06,-0.8388587E-06
         5.000,              ,  0.000000    ,  5400.000    ,  5400.000    ,  0.000000    ,  5400.000    ,  5400.000    , 0.1177192E-03,-0.2929688E-02,-0.3047407E-02,-0.2821673E-04,  10800.00    ,  13273.23    ,  94791.11    ,-0.3751973E-02,-0.3958149E-05,-0.3958149E-05
         5.500,              ,  0.000000    ,  5400.000    ,  5400.000    ,  0.000000    ,  5400.000    ,  5400.000    , 0.3358126E-03, 0.4882812E-02, 0.4547000E-02, 0.4210186E-04,  10800.00    ,  13273.23    ,  105591.1    , 0.7950265E-03, 0.7529295E-06, 0.7529295E-06
         6.000,              ,  0.000000    ,  5400.000    ,  5400.000    ,  0.000000    ,  5400.000    ,  5400.000    ,-0.4092455E-03,  0.000000    , 0.4092455E-03, 0.3789310E-05,  10800.00    ,  13273.23    ,  116391.1    , 0.1204272E-02, 0.1034677E-05, 0.1034677E-05
         6.000,              ,  0.000000    , 0.3759424    , 0.3759384    ,  0.000000    , 0.3759384    , 0.3759424    ,-0.3993511E-05, 0.2929688E-02, 0.2933681E-02,  0.000000    , 0.7518808    ,  13273.24    ,  116391.9    , 0.4137953E-02, 0.3555191E-05, 0.3555191E-05
