"Time (h)    ","1D and 2D:  ","H Vol In    ","H Vol Out   ","Q Vol In    ","Q Vol Out   ","Tot Vol In  ","Tot Vol Out ","Vol I-O     ","dVol        ","Vol Err     ","Q ME (%)    ","Vol I+O     ","Tot Vol     ","Cum Vol I+O ","Cum Vol Err ","Cum ME (%)  ","Cum Q ME (%)"
         0.000,              ,  0.000000    ,  0.000000    ,  0.000000    ,  0.000000    ,  0.000000    ,  0.000000    ,  0.000000    ,  0.000000    ,  0.000000    ,  0.000000    ,  0.000000    ,  14539.84    ,  0.000000    ,  0.000000    ,  0.000000    ,  0.000000    
         4.000,              ,  1.615394    ,  1276029.    ,  1296000.    ,  0.000000    ,  1296002.    ,  1276029.    ,  19973.01    ,  19972.93    ,-0.7925401E-01,-0.3081379E-05,  2572030.    ,  34512.77    ,  2572030.    ,-0.7925401E-01,-0.3081379E-05,-0.3081379E-05
         4.500,              ,  0.000000    ,  162000.0    ,  162000.0    ,  0.000000    ,  162000.0    ,  162000.0    ,-0.1335144E-04,-0.1562500E-01,-0.1561165E-01,-0.4818410E-05,  324000.0    ,  34512.75    ,  2896030.    ,-0.9486566E-01,-0.3275714E-05,-0.3275714E-05
         5.000,              ,  0.000000    ,  162000.0    ,  162000.0    ,  0.000000    ,  162000.0    ,  162000.0    , 0.7419586E-03,  0.000000    ,-0.7419586E-03,-0.2289996E-06,  324000.0    ,  34512.75    ,  3220030.    ,-0.9560762E-01,-0.2969153E-05,-0.2969153E-05
         5.500,              ,  0.000000    ,  162000.0    ,  162000.0    ,  0.000000    ,  162000.0    ,  162000.0    ,-0.4901886E-03, 0.1171875E-01, 0.1220894E-01, 0.3768191E-05,  324000.0    ,  34512.76    ,  3544030.    ,-0.8339868E-01,-0.2353216E-05,-0.2353216E-05
         6.000,              ,  0.000000    ,  162000.0    ,  162000.0    ,  0.000000    ,  162000.0    ,  162000.0    ,-0.3209305E-01,-0.3515625E-01,-0.3063202E-02,-0.9454326E-06,  324000.0    ,  34512.73    ,  3868030.    ,-0.8646188E-01,-0.2235295E-05,-0.2235295E-05
         6.000,              ,  0.000000    ,  11.27804    ,  11.27815    ,  0.000000    ,  11.27815    ,  11.27804    , 0.1077652E-03,-0.1953125E-01,-0.1963902E-01,-0.8706705E-01,  22.55620    ,  34512.71    ,  3868053.    ,-0.1061009    ,-0.2743005E-05,-0.2743005E-05
