"Time (h)    ","1D and 2D:  ","H Vol In    ","H Vol Out   ","Q Vol In    ","Q Vol Out   ","Tot Vol In  ","Tot Vol Out ","Vol I-O     ","dVol        ","Vol Err     ","Q ME (%)    ","Vol I+O     ","Tot Vol     ","Cum Vol I+O ","Cum Vol Err ","Cum ME (%)  ","Cum Q ME (%)"
         0.000,              ,  0.000000    ,  0.000000    ,  0.000000    ,  0.000000    ,  0.000000    ,  0.000000    ,  0.000000    ,  0.000000    ,  0.000000    ,  0.000000    ,  0.000000    ,  1025.338    ,  0.000000    ,  0.000000    ,  0.000000    ,  0.000000    
         4.000,              , 0.5642733    ,  165216.3    ,  172800.0    ,  0.000000    ,  172800.6    ,  165216.3    ,  7584.281    ,  7584.278    ,-0.2497704E-02,-0.7389288E-06,  338016.9    ,  8609.616    ,  338016.9    ,-0.2497704E-02,-0.7389288E-06,-0.7389288E-06
         4.500,              ,  0.000000    ,  21600.65    ,  21600.00    ,  0.000000    ,  21600.00    ,  21600.65    ,-0.6449690    ,-0.6445312    , 0.4377365E-03, 0.1013264E-05,  43200.65    ,  8608.972    ,  381217.5    ,-0.2059967E-02,-0.5403654E-06,-0.5403654E-06
         5.000,              ,  0.000000    ,  21599.36    ,  21600.00    ,  0.000000    ,  21600.00    ,  21599.36    , 0.6448641    , 0.6464844    , 0.1620293E-02, 0.3750733E-05,  43199.36    ,  8609.618    ,  424416.9    ,-0.4396745E-03,-0.1035950E-06,-0.1035950E-06
         5.500,              ,  0.000000    ,  21601.52    ,  21600.00    ,  0.000000    ,  21600.00    ,  21601.52    , -1.524064    , -1.522461    , 0.1602650E-02, 0.3709706E-05,  43201.52    ,  8608.096    ,  467618.4    , 0.1162975E-02, 0.2487018E-06, 0.2487018E-06
         6.000,              ,  0.000000    ,  21598.48    ,  21600.00    ,  0.000000    ,  21600.00    ,  21598.48    ,  1.523183    ,  1.520508    ,-0.2675533E-02,-0.6193582E-05,  43198.48    ,  8609.616    ,  510816.9    ,-0.1512558E-02,-0.2961058E-06,-0.2961058E-06
         6.000,              ,  0.000000    ,  1.503782    ,  1.503754    ,  0.000000    ,  1.503754    ,  1.503782    ,-0.2825260E-04, 0.1953125E-02, 0.1981378E-02, 0.6588044E-01,  3.007536    ,  8609.618    ,  510819.9    , 0.4688195E-03, 0.9177784E-07, 0.9177784E-07
