Time,RPin,RPout
0.0,3.4806386523924164,997.9680516099651
