"Time (h)    ","1D and 2D:  ","H Vol In    ","H Vol Out   ","Q Vol In    ","Q Vol Out   ","Tot Vol In  ","Tot Vol Out ","Vol I-O     ","dVol        ","Vol Err     ","Q ME (%)    ","Vol I+O     ","Tot Vol     ","Cum Vol I+O ","Cum Vol Err ","Cum ME (%)  ","Cum Q ME (%)"
         0.000,              ,  0.000000    ,  0.000000    ,  0.000000    ,  0.000000    ,  0.000000    ,  0.000000    ,  0.000000    ,  0.000000    ,  0.000000    ,  0.000000    ,  0.000000    ,  41.95756    ,  0.000000    ,  0.000000    ,  0.000000    ,  0.000000    
         4.000,              ,  1.007707    ,  16911.57    ,  28800.00    ,  0.000000    ,  28801.01    ,  16911.57    ,  11889.44    ,  11889.44    ,-0.1076370E-02,-0.2354648E-05,  45712.58    ,  11931.39    ,  45712.58    ,-0.1076370E-02,-0.2354648E-05,-0.2354648E-05
         4.500,              ,  0.000000    ,  3600.002    ,  3600.000    ,  0.000000    ,  3600.000    ,  3600.002    ,-0.1678824E-02,  0.000000    , 0.1678824E-02, 0.2331700E-04,  7200.002    ,  11931.39    ,  52912.58    , 0.6024543E-03, 0.1138584E-05, 0.1138584E-05
         5.000,              ,  0.000000    ,  3600.001    ,  3600.000    ,  0.000000    ,  3600.000    ,  3600.001    ,-0.5448461E-03,-0.1953125E-02,-0.1408279E-02,-0.1955943E-04,  7200.000    ,  11931.39    ,  60112.58    ,-0.8058247E-03,-0.1340526E-05,-0.1340526E-05
         5.500,              ,  0.000000    ,  3600.000    ,  3600.000    ,  0.000000    ,  3600.000    ,  3600.000    ,-0.1301765E-03, 0.9765625E-03, 0.1106739E-02, 0.1537138E-04,  7200.000    ,  11931.39    ,  67312.58    , 0.3009144E-03, 0.4470403E-06, 0.4470403E-06
         6.000,              ,  0.000000    ,  3600.000    ,  3600.000    ,  0.000000    ,  3600.000    ,  3600.000    , 0.8696318E-04, 0.3906250E-02, 0.3819287E-02, 0.5304565E-04,  7200.000    ,  11931.40    ,  74512.58    , 0.4120201E-02, 0.5529538E-05, 0.5529538E-05
         6.000,              ,  0.000000    , 0.2506176    , 0.2506256    ,  0.000000    , 0.2506256    , 0.2506176    , 0.7987022E-05,-0.4882812E-02,-0.4890800E-02,  0.000000    , 0.5012432    ,  11931.39    ,  74513.08    ,-0.7705983E-03,-0.1034179E-05,-0.1034179E-05
