Time,RPin,RPout
0,50,1002.109723746594
0.25,50,1002.109723746594
