Time,RPin,RPout
0,9,1001.3706618739766
0.25,9,1001.3706618739766
