Time,RPin,RPout
0,2,1001.0646284819582
0.25,2,1001.0646284819582
