Time,RPin,RPout
0,5,1001.2256986856382
0.25,5,1001.2256986856382
