Time,RPin,RPout
0,1,1000.9810089575046
0.25,1,1000.9810089575046
