Time,RPin,RPout
0,6,1001.2665798445353
0.25,6,1001.2665798445353
