Time,RPin,RPout
0,70,1002.3366708198531
0.25,70,1002.3366708198531
