Time,RPin,RPout
0,30,1001.8258799330534
0.25,30,1001.8258799330534
