Time,RPin,RPout
0,10,1001.4011981070175
0.25,10,1001.4011981070175
