Time,RPin,RPout
0,15,1001.5338175508618
0.25,15,1001.5338175508618
