Time,RPin,RPout
0,80,1002.437081983334
0.25,80,1002.437081983334
