"Time (h)    ","1D and 2D:  ","H Vol In    ","H Vol Out   ","Q Vol In    ","Q Vol Out   ","Tot Vol In  ","Tot Vol Out ","Vol I-O     ","dVol        ","Vol Err     ","Q ME (%)    ","Vol I+O     ","Tot Vol     ","Cum Vol I+O ","Cum Vol Err ","Cum ME (%)  ","Cum Q ME (%)"
         0.000,              ,  0.000000    ,  0.000000    ,  0.000000    ,  0.000000    ,  0.000000    ,  0.000000    ,  0.000000    ,  0.000000    ,  0.000000    ,  0.000000    ,  0.000000    ,  829.1176    ,  0.000000    ,  0.000000    ,  0.000000    ,  0.000000    
         4.000,              , 0.5086638    ,  137246.0    ,  144000.0    ,  0.000000    ,  144000.5    ,  137246.0    ,  6754.476    ,  6754.474    ,-0.2672694E-02,-0.9503029E-06,  281246.5    ,  7583.591    ,  281246.5    ,-0.2672694E-02,-0.9503029E-06,-0.9503029E-06
         4.500,              ,  0.000000    ,  18000.00    ,  18000.00    ,  0.000000    ,  18000.00    ,  18000.00    , 0.4529238E-02, 0.6835938E-02, 0.2306700E-02, 0.6407500E-05,  36000.00    ,  7583.598    ,  317246.5    ,-0.3659943E-03,-0.1153659E-06,-0.1153659E-06
         5.000,              ,  0.000000    ,  18000.01    ,  18000.00    ,  0.000000    ,  18000.00    ,  18000.01    ,-0.5191565E-02,-0.6347656E-02,-0.1156092E-02,-0.3211365E-05,  36000.01    ,  7583.592    ,  353246.5    ,-0.1522086E-02,-0.4308849E-06,-0.4308849E-06
         5.500,              ,  0.000000    ,  18000.00    ,  18000.00    ,  0.000000    ,  18000.00    ,  18000.00    , 0.4033089E-02, 0.4882812E-02, 0.8497238E-03, 0.2360344E-05,  36000.00    ,  7583.597    ,  389246.5    ,-0.6723621E-03,-0.1727343E-06,-0.1727343E-06
         6.000,              ,  0.000000    ,  18000.01    ,  18000.00    ,  0.000000    ,  18000.00    ,  18000.01    ,-0.5368233E-02,-0.4394531E-02, 0.9737015E-03, 0.2704726E-05,  36000.01    ,  7583.592    ,  425246.5    , 0.3013393E-03, 0.7086226E-07, 0.7086226E-07
         6.000,              ,  0.000000    ,  1.253137    ,  1.253128    ,  0.000000    ,  1.253128    ,  1.253137    ,-0.8702278E-05,-0.2441406E-02,-0.2432704E-02,-0.9706493E-01,  2.506265    ,  7583.590    ,  425249.1    ,-0.2131365E-02,-0.5012038E-06,-0.5012038E-06
