Time,RPin,RPout
0.0,0.6007545197723103,997.7154440206511
