"Time (h)    ","1D and 2D:  ","H Vol In    ","H Vol Out   ","Q Vol In    ","Q Vol Out   ","Tot Vol In  ","Tot Vol Out ","Vol I-O     ","dVol        ","Vol Err     ","Q ME (%)    ","Vol I+O     ","Tot Vol     ","Cum Vol I+O ","Cum Vol Err ","Cum ME (%)  ","Cum Q ME (%)"
         0.000,              ,  0.000000    ,  0.000000    ,  0.000000    ,  0.000000    ,  0.000000    ,  0.000000    ,  0.000000    ,  0.000000    ,  0.000000    ,  0.000000    ,  0.000000    ,  1645.207    ,  0.000000    ,  0.000000    ,  0.000000    ,  0.000000    
         4.000,              ,  15849.76    ,  697443.0    ,  720000.0    ,  0.000000    ,  735849.8    ,  697443.0    ,  38406.82    ,  38406.81    ,-0.9950996E-02,-0.6942752E-06,  1433293.    ,  40052.01    ,  1433293.    ,-0.9950996E-02,-0.6942752E-06,-0.6942752E-06
         4.500,              ,  2085.932    ,  92085.94    ,  90000.00    ,  0.000000    ,  92085.93    ,  92085.94    ,-0.1149982E-02,  0.000000    , 0.1149982E-02, 0.6244071E-06,  184171.9    ,  40052.01    ,  1617465.    ,-0.8801014E-02,-0.5441240E-06,-0.5441240E-06
         5.000,              ,  2085.933    ,  92085.94    ,  90000.00    ,  0.000000    ,  92085.94    ,  92085.94    ,-0.5454868E-03,-0.3906250E-02,-0.3360763E-02,-0.1824797E-05,  184171.9    ,  40052.01    ,  1801637.    ,-0.1216178E-01,-0.6750405E-06,-0.6750405E-06
         5.500,              ,  2085.935    ,  92085.94    ,  90000.00    ,  0.000000    ,  92085.94    ,  92085.94    , 0.4075319E-03, 0.7812500E-02, 0.7404968E-02, 0.4020684E-05,  184171.9    ,  40052.02    ,  1985808.    ,-0.4756809E-02,-0.2395402E-06,-0.2395402E-06
         6.000,              ,  2085.932    ,  92085.94    ,  90000.00    ,  0.000000    ,  92085.94    ,  92085.94    ,-0.6214976E-03,-0.1171875E-01,-0.1109725E-01,-0.6025487E-05,  184171.9    ,  40052.00    ,  2169980.    ,-0.1585406E-01,-0.7306085E-06,-0.7306085E-06
         6.000,              , 0.1452079    ,  6.410874    ,  6.265641    ,  0.000000    ,  6.410849    ,  6.410874    ,-0.2525747E-04,-0.7812500E-02,-0.7787243E-02,-0.6073475E-01,  12.82172    ,  40052.00    ,  2169993.    ,-0.2364130E-01,-0.1089464E-05,-0.1089464E-05
