"Time (h)    ","1D and 2D:  ","H Vol In    ","H Vol Out   ","Q Vol In    ","Q Vol Out   ","Tot Vol In  ","Tot Vol Out ","Vol I-O     ","dVol        ","Vol Err     ","Q ME (%)    ","Vol I+O     ","Tot Vol     ","Cum Vol I+O ","Cum Vol Err ","Cum ME (%)  ","Cum Q ME (%)"
         0.000,              ,  0.000000    ,  0.000000    ,  0.000000    ,  0.000000    ,  0.000000    ,  0.000000    ,  0.000000    ,  0.000000    ,  0.000000    ,  0.000000    ,  0.000000    ,  2117.020    ,  0.000000    ,  0.000000    ,  0.000000    ,  0.000000    
         4.000,              ,  23666.98    ,  845685.4    ,  864000.0    ,  0.000000    ,  887667.0    ,  845685.4    ,  41981.57    ,  41981.54    ,-0.3235817E-01,-0.1866797E-05,  1733352.    ,  44098.56    ,  1733352.    ,-0.3235817E-01,-0.1866797E-05,-0.1866797E-05
         4.500,              ,  3098.010    ,  111095.0    ,  108000.0    ,  0.000000    ,  111098.0    ,  111095.0    ,  2.976475    ,  2.976562    , 0.8717179E-04, 0.3923246E-07,  222193.1    ,  44101.54    ,  1955545.    ,-0.3227100E-01,-0.1650230E-05,-0.1650230E-05
         5.000,              ,  3097.931    ,  111096.8    ,  108000.0    ,  0.000000    ,  111097.9    ,  111096.8    ,  1.165527    ,  1.160156    ,-0.5370945E-02,-0.2417225E-05,  222194.7    ,  44102.70    ,  2177740.    ,-0.3764194E-01,-0.1728486E-05,-0.1728486E-05
         5.500,              ,  3097.892    ,  111097.8    ,  108000.0    ,  0.000000    ,  111097.9    ,  111097.8    , 0.9531340E-01, 0.9375000E-01,-0.1563400E-02,-0.7036140E-06,  222195.7    ,  44102.79    ,  2399936.    ,-0.3920534E-01,-0.1633600E-05,-0.1633600E-05
         6.000,              ,  3097.888    ,  111097.9    ,  108000.0    ,  0.000000    ,  111097.9    ,  111097.9    , 0.8044779E-02,  0.000000    ,-0.8044779E-02,-0.3620582E-05,  222195.8    ,  44102.79    ,  2622132.    ,-0.4725012E-01,-0.1801974E-05,-0.1801974E-05
         6.000,              , 0.2156832    ,  7.734422    ,  7.518768    ,  0.000000    ,  7.734451    ,  7.734422    , 0.2974272E-04,-0.3906250E-02,-0.3935993E-02,-0.2544460E-01,  15.46887    ,  44102.79    ,  2622147.    ,-0.5118611E-01,-0.1952069E-05,-0.1952069E-05
