Time,RPin,RPout
0.0,15.924053300448406,998.4458573598494
