Time,RPin,RPout
0,20,1002.3798190357882
0.25,20,1002.3798190357882
