Time,RPin,RPout
0,15,1002.269992628027
0.25,15,1002.269992628027
