Time,RPin,RPout
0,30,1002.5618816708039
0.25,30,1002.5618816708039
