Time,RPin,RPout
0,2,1001.801684514662
0.25,2,1001.801684514662
