Time,RPin,RPout
0,3,1001.8645335104046
0.25,3,1001.8645335104046
