Time,RPin,RPout
0,5,1001.9622836225491
0.25,5,1001.9622836225491
