Time,RPin,RPout
0,50,1002.8453552508698
0.25,50,1002.8453552508698
