Time,RPin,RPout
0,6,1002.003367677896
0.25,6,1002.003367677896
