Time,RPin,RPout
0,12,1002.1943731990108
0.25,12,1002.1943731990108
