Time,RPin,RPout
0,38.27428571428571,1003.2488551170841
0.25,38.27428571428571,1003.2488551170841
