Time,RPin,RPout
0,21.637142857142855,1003.0127998776115
0.25,21.637142857142855,1003.0127998776115
