Time,RPin,RPout
0,7,1002.6946997807025
0.25,7,1002.6946997807025
