Time,RPin,RPout
0,30,1003.1405316365795
0.25,30,1003.1405316365795
