Time,RPin,RPout
0,46.59285714285714,1003.3456272446402
0.25,46.59285714285714,1003.3456272446402
