Time,RPin,RPout
0,8,1002.7243971542516
0.25,8,1002.7243971542516
