Time,RPin,RPout
0,6,1002.6627014195759
0.25,6,1002.6627014195759
