Time,RPin,RPout
0,90,1003.7459917302251
0.25,90,1003.7459917302251
