Time,RPin,RPout
0,20,1002.9849627794256
0.25,20,1002.9849627794256
