Time,RPin,RPout
0,2,1002.4906893634692
0.25,2,1002.4906893634692
