Time,RPin,RPout
0,13.318571428571428,1002.8556293242415
0.25,13.318571428571428,1002.8556293242415
