Time,RPin,RPout
0,80,1003.6622412242332
0.25,80,1003.6622412242332
