Time,RPin,RPout
0,29.955714285714283,1003.1399066478556
0.25,29.955714285714283,1003.1399066478556
