Time,RPin,RPout
0,5.0,1002.6279912497257
0.25,5.0,1002.6279912497257
