Time,RPin,RPout
0,9,1002.7520734297556
0.25,9,1002.7520734297556
