Time,RPin,RPout
0,12,1002.8261955864184
0.25,12,1002.8261955864184
