Time,RPin,RPout
0,10,1002.7782339996281
0.25,10,1002.7782339996281
