"Time (h)    ","1D and 2D:  ","H Vol In    ","H Vol Out   ","Q Vol In    ","Q Vol Out   ","Tot Vol In  ","Tot Vol Out ","Vol I-O     ","dVol        ","Vol Err     ","Q ME (%)    ","Vol I+O     ","Tot Vol     ","Cum Vol I+O ","Cum Vol Err ","Cum ME (%)  ","Cum Q ME (%)"
         0.000,              ,  0.000000    ,  0.000000    ,  0.000000    ,  0.000000    ,  0.000000    ,  0.000000    ,  0.000000    ,  0.000000    ,  0.000000    ,  0.000000    ,  0.000000    ,  250.7298    ,  0.000000    ,  0.000000    ,  0.000000    ,  0.000000    
         4.000,              ,  1.662843    ,  151903.2    ,  172800.0    ,  0.000000    ,  172801.7    ,  151903.2    ,  20898.47    ,  20898.48    , 0.2458988E-02, 0.7572993E-06,  324704.9    ,  21149.21    ,  324704.9    , 0.2458988E-02, 0.7572993E-06, 0.7572993E-06
         4.500,              ,  0.000000    ,  21600.00    ,  21600.00    ,  0.000000    ,  21600.00    ,  21600.00    ,-0.8895397E-03,-0.1953125E-02,-0.1063585E-02,-0.2462003E-05,  43200.00    ,  21149.20    ,  367904.9    , 0.1395402E-02, 0.3792834E-06, 0.3792834E-06
         5.000,              ,  0.000000    ,  21600.00    ,  21600.00    ,  0.000000    ,  21600.00    ,  21600.00    , 0.1058102E-02, 0.1953125E-02, 0.8950233E-03, 0.2071813E-05,  43200.00    ,  21149.21    ,  411104.9    , 0.2290426E-02, 0.5571391E-06, 0.5571391E-06
         5.500,              ,  0.000000    ,  21600.00    ,  21600.00    ,  0.000000    ,  21600.00    ,  21600.00    , 0.1952648E-02,-0.5859375E-02,-0.7812023E-02,-0.1808339E-04,  43200.00    ,  21149.20    ,  454304.9    ,-0.5521598E-02,-0.1215395E-05,-0.1215395E-05
         6.000,              ,  0.000000    ,  21600.00    ,  21600.00    ,  0.000000    ,  21600.00    ,  21600.00    ,-0.9777546E-03, 0.1953125E-02, 0.2930880E-02, 0.6784443E-05,  43200.00    ,  21149.20    ,  497504.9    ,-0.2590718E-02,-0.5207423E-06,-0.5207423E-06
         6.000,              ,  0.000000    ,  1.503770    ,  1.503754    ,  0.000000    ,  1.503754    ,  1.503770    ,-0.1633167E-04, 0.3906250E-02, 0.3922582E-02, 0.1304256    ,  3.007524    ,  21149.21    ,  497507.9    , 0.1331864E-02, 0.2677071E-06, 0.2677071E-06
