"Time (h)    ","1D and 2D:  ","H Vol In    ","H Vol Out   ","Q Vol In    ","Q Vol Out   ","Tot Vol In  ","Tot Vol Out ","Vol I-O     ","dVol        ","Vol Err     ","Q ME (%)    ","Vol I+O     ","Tot Vol     ","Cum Vol I+O ","Cum Vol Err ","Cum ME (%)  ","Cum Q ME (%)"
         0.000,              ,  0.000000    ,  0.000000    ,  0.000000    ,  0.000000    ,  0.000000    ,  0.000000    ,  0.000000    ,  0.000000    ,  0.000000    ,  0.000000    ,  0.000000    ,  2167.963    ,  0.000000    ,  0.000000    ,  0.000000    ,  0.000000    
         4.000,              , 0.9280268    ,  23361.55    ,  28800.00    ,  0.000000    ,  28800.93    ,  23361.55    ,  5439.374    ,  5439.372    ,-0.2199636E-02,-0.4216894E-05,  52162.48    ,  7607.335    ,  52162.48    ,-0.2199636E-02,-0.4216894E-05,-0.4216894E-05
         4.500,              ,  0.000000    ,  3600.000    ,  3600.000    ,  0.000000    ,  3600.000    ,  3600.000    , 0.4012585E-03,  0.000000    ,-0.4012585E-03,-0.5573034E-05,  7200.000    ,  7607.335    ,  59362.48    ,-0.2600895E-02,-0.4381378E-05,-0.4381378E-05
         5.000,              ,  0.000000    ,  3600.000    ,  3600.000    ,  0.000000    ,  3600.000    ,  3600.000    , 0.2860427E-03,  0.000000    ,-0.2860427E-03,-0.3972815E-05,  7200.000    ,  7607.335    ,  66562.48    ,-0.2886938E-02,-0.4337185E-05,-0.4337185E-05
         5.500,              ,  0.000000    ,  3600.000    ,  3600.000    ,  0.000000    ,  3600.000    ,  3600.000    , 0.5270243E-03, 0.1464844E-02, 0.9378195E-03, 0.1302527E-04,  7200.000    ,  7607.337    ,  73762.48    ,-0.1949118E-02,-0.2642425E-05,-0.2642425E-05
         6.000,              ,  0.000000    ,  3599.999    ,  3600.000    ,  0.000000    ,  3600.000    ,  3599.999    , 0.8057356E-03,-0.1464844E-02,-0.2270579E-02,-0.3153583E-04,  7199.999    ,  7607.335    ,  80962.48    ,-0.4219697E-02,-0.5211917E-05,-0.5211917E-05
         6.000,              ,  0.000000    , 0.2506356    , 0.2506256    ,  0.000000    , 0.2506256    , 0.2506356    ,-0.9924173E-05, 0.1464844E-02, 0.1474768E-02,  0.000000    , 0.5012612    ,  7607.337    ,  80962.98    ,-0.2744930E-02,-0.3390351E-05,-0.3390351E-05
