"Time (h)    ","1D and 2D:  ","H Vol In    ","H Vol Out   ","Q Vol In    ","Q Vol Out   ","Tot Vol In  ","Tot Vol Out ","Vol I-O     ","dVol        ","Vol Err     ","Q ME (%)    ","Vol I+O     ","Tot Vol     ","Cum Vol I+O ","Cum Vol Err ","Cum ME (%)  ","Cum Q ME (%)"
         0.000,              ,  0.000000    ,  0.000000    ,  0.000000    ,  0.000000    ,  0.000000    ,  0.000000    ,  0.000000    ,  0.000000    ,  0.000000    ,  0.000000    ,  0.000000    ,  1864.223    ,  0.000000    ,  0.000000    ,  0.000000    ,  0.000000    
         4.000,              ,  2.028044    ,  9699.175    ,  14400.00    ,  0.000000    ,  14402.03    ,  9699.175    ,  4702.854    ,  4702.854    , 0.4719917E-03, 0.1958374E-05,  24101.20    ,  6567.077    ,  24101.20    , 0.4719917E-03, 0.1958374E-05, 0.1958374E-05
         4.500,              ,  0.000000    ,  1800.000    ,  1800.000    ,  0.000000    ,  1800.000    ,  1800.000    , 0.2733469E-03,-0.4882812E-03,-0.7616282E-03,-0.2115634E-04,  3600.000    ,  6567.077    ,  27701.20    ,-0.2896365E-03,-0.1045574E-05,-0.1045574E-05
         5.000,              ,  0.000000    ,  1800.000    ,  1800.000    ,  0.000000    ,  1800.000    ,  1800.000    , 0.3926456E-03, 0.1464844E-02, 0.1072198E-02, 0.2978328E-04,  3600.000    ,  6567.078    ,  31301.20    , 0.7825617E-03, 0.2500101E-05, 0.2500101E-05
         5.500,              ,  0.000000    ,  1800.000    ,  1800.000    ,  0.000000    ,  1800.000    ,  1800.000    ,-0.1141131E-03,  0.000000    , 0.1141131E-03, 0.3169808E-05,  3600.000    ,  6567.078    ,  34901.20    , 0.8966747E-03, 0.2569180E-05, 0.2569180E-05
         6.000,              ,  0.000000    ,  1800.000    ,  1800.000    ,  0.000000    ,  1800.000    ,  1800.000    ,-0.1809001E-03,-0.4882812E-03,-0.3073812E-03,-0.8538364E-05,  3600.000    ,  6567.078    ,  38501.20    , 0.5892936E-03, 0.1530585E-05, 0.1530585E-05
         6.000,              ,  0.000000    , 0.1253147    , 0.1253128    ,  0.000000    , 0.1253128    , 0.1253147    ,-0.1847744E-05,-0.9765625E-03,-0.9747148E-03,  0.000000    , 0.2506275    ,  6567.077    ,  38501.45    ,-0.3854212E-03,-0.1001056E-05,-0.1001056E-05
