"Time (h)    ","1D and 2D:  ","H Vol In    ","H Vol Out   ","Q Vol In    ","Q Vol Out   ","Tot Vol In  ","Tot Vol Out ","Vol I-O     ","dVol        ","Vol Err     ","Q ME (%)    ","Vol I+O     ","Tot Vol     ","Cum Vol I+O ","Cum Vol Err ","Cum ME (%)  ","Cum Q ME (%)"
         0.000,              ,  0.000000    ,  0.000000    ,  0.000000    ,  0.000000    ,  0.000000    ,  0.000000    ,  0.000000    ,  0.000000    ,  0.000000    ,  0.000000    ,  0.000000    ,  9360.740    ,  0.000000    ,  0.000000    ,  0.000000    ,  0.000000    
         4.000,              , 0.9965019    ,  704342.1    ,  720000.0    ,  0.000000    ,  720001.0    ,  704342.1    ,  15658.84    ,  15658.85    , 0.1756093E-01, 0.1232914E-05,  1424343.    ,  25019.59    ,  1424343.    , 0.1756093E-01, 0.1232914E-05, 0.1232914E-05
         4.500,              ,  0.000000    ,  90000.00    ,  90000.00    ,  0.000000    ,  90000.00    ,  90000.00    ,-0.6484985E-02,-0.7812500E-02,-0.1327515E-02,-0.7375081E-06,  180000.0    ,  25019.59    ,  1604343.    , 0.1623342E-01, 0.1011842E-05, 0.1011842E-05
         5.000,              ,  0.000000    ,  90000.00    ,  90000.00    ,  0.000000    ,  90000.00    ,  90000.00    ,-0.5826950E-02, 0.7812500E-02, 0.1363945E-01, 0.7577472E-05,  180000.0    ,  25019.59    ,  1784343.    , 0.2987287E-01, 0.1674166E-05, 0.1674166E-05
         5.500,              ,  0.000000    ,  90000.00    ,  90000.00    ,  0.000000    ,  90000.00    ,  90000.00    ,-0.4687309E-02,-0.3906250E-02, 0.7810593E-03, 0.4339218E-06,  180000.0    ,  25019.59    ,  1964343.    , 0.3065393E-01, 0.1560518E-05, 0.1560518E-05
         6.000,              ,  0.000000    ,  90000.00    ,  90000.00    ,  0.000000    ,  90000.00    ,  90000.00    ,-0.4828453E-02,-0.1953125E-02, 0.2875328E-02, 0.1597405E-05,  180000.0    ,  25019.59    ,  2144343.    , 0.3352925E-01, 0.1563614E-05, 0.1563614E-05
         6.000,              ,  0.000000    ,  6.265672    ,  6.265641    ,  0.000000    ,  6.265641    ,  6.265672    ,-0.3099442E-04,-0.9765625E-02,-0.9734631E-02,-0.7768245E-01,  12.53131    ,  25019.58    ,  2144356.    , 0.2379462E-01, 0.1109640E-05, 0.1109640E-05
