"Time (h)    ","1D and 2D:  ","H Vol In    ","H Vol Out   ","Q Vol In    ","Q Vol Out   ","Tot Vol In  ","Tot Vol Out ","Vol I-O     ","dVol        ","Vol Err     ","Q ME (%)    ","Vol I+O     ","Tot Vol     ","Cum Vol I+O ","Cum Vol Err ","Cum ME (%)  ","Cum Q ME (%)"
         0.000,              ,  0.000000    ,  0.000000    ,  0.000000    ,  0.000000    ,  0.000000    ,  0.000000    ,  0.000000    ,  0.000000    ,  0.000000    ,  0.000000    ,  0.000000    ,  4141.138    ,  0.000000    ,  0.000000    ,  0.000000    ,  0.000000    
         4.000,              , 0.5298193    ,  560254.6    ,  576000.0    ,  0.000000    ,  576000.5    ,  560254.6    ,  15745.94    ,  15745.94    ,-0.2064772E-03,-0.1817173E-07,  1136255.    ,  19887.08    ,  1136255.    ,-0.2064772E-03,-0.1817173E-07,-0.1817173E-07
         4.500,              ,  0.000000    ,  72002.61    ,  72000.00    ,  0.000000    ,  72000.00    ,  72002.61    , -2.611656    , -2.609375    , 0.2280712E-02, 0.1583799E-05,  144002.6    ,  19884.47    ,  1280258.    , 0.2074235E-02, 0.1620170E-06, 0.1620170E-06
         5.000,              ,  0.000000    ,  71997.39    ,  72000.00    ,  0.000000    ,  72000.00    ,  71997.39    ,  2.610757    ,  2.613281    , 0.2524376E-02, 0.1753071E-05,  143997.4    ,  19887.08    ,  1424255.    , 0.4598611E-02, 0.3228783E-06, 0.3228783E-06
         5.500,              ,  0.000000    ,  72000.00    ,  72000.00    ,  0.000000    ,  72000.00    ,  72000.00    ,-0.5164146E-03,-0.1953125E-02,-0.1436710E-02,-0.9977155E-06,  144000.0    ,  19887.08    ,  1568255.    , 0.3161900E-02, 0.2016190E-06, 0.2016190E-06
         6.000,              ,  0.000000    ,  72000.12    ,  72000.00    ,  0.000000    ,  72000.00    ,  72000.12    ,-0.1179442    ,-0.1230469    ,-0.5102634E-02,-0.3543493E-05,  144000.1    ,  19886.96    ,  1712255.    ,-0.1940734E-02,-0.1133437E-06,-0.1133437E-06
         6.000,              ,  0.000000    ,  5.012291    ,  5.012512    ,  0.000000    ,  5.012512    ,  5.012291    , 0.2207756E-03, 0.3906250E-02, 0.3685474E-02, 0.3676356E-01,  10.02480    ,  19886.96    ,  1712265.    , 0.1744740E-02, 0.1018966E-06, 0.1018966E-06
