"Time (h)    ","1D and 2D:  ","H Vol In    ","H Vol Out   ","Q Vol In    ","Q Vol Out   ","Tot Vol In  ","Tot Vol Out ","Vol I-O     ","dVol        ","Vol Err     ","Q ME (%)    ","Vol I+O     ","Tot Vol     ","Cum Vol I+O ","Cum Vol Err ","Cum ME (%)  ","Cum Q ME (%)"
         0.000,              ,  0.000000    ,  0.000000    ,  0.000000    ,  0.000000    ,  0.000000    ,  0.000000    ,  0.000000    ,  0.000000    ,  0.000000    ,  0.000000    ,  0.000000    ,  9743.186    ,  0.000000    ,  0.000000    ,  0.000000    ,  0.000000    
         4.000,              ,  1.923152    ,  1129253.    ,  1152000.    ,  0.000000    ,  1152002.    ,  1129253.    ,  22748.68    ,  22748.61    ,-0.7162671E-01,-0.3139794E-05,  2281255.    ,  32491.79    ,  2281255.    ,-0.7162671E-01,-0.3139794E-05,-0.3139794E-05
         4.500,              ,  0.000000    ,  144000.0    ,  144000.0    ,  0.000000    ,  144000.0    ,  144000.0    , 0.1115799E-03,  0.000000    ,-0.1115799E-03,-0.3874302E-07,  288000.0    ,  32491.79    ,  2569255.    ,-0.7173829E-01,-0.2792182E-05,-0.2792182E-05
         5.000,              ,  0.000000    ,  144000.0    ,  144000.0    ,  0.000000    ,  144000.0    ,  144000.0    ,-0.3141594E-01,-0.3515625E-01,-0.3740311E-02,-0.1298719E-05,  288000.0    ,  32491.76    ,  2857255.    ,-0.7547860E-01,-0.2641647E-05,-0.2641647E-05
         5.500,              ,  0.000000    ,  144001.5    ,  144000.0    ,  0.000000    ,  144000.0    ,  144001.5    , -1.468076    , -1.470703    ,-0.2627373E-02,-0.9122775E-06,  288001.5    ,  32490.29    ,  3145257.    ,-0.7810597E-01,-0.2483294E-05,-0.2483294E-05
         6.000,              ,  0.000000    ,  143998.5    ,  144000.0    ,  0.000000    ,  144000.0    ,  143998.5    ,  1.490034    ,  1.500000    , 0.9965897E-02, 0.3460399E-05,  287998.5    ,  32491.79    ,  3433255.    ,-0.6814007E-01,-0.1984708E-05,-0.1984708E-05
         6.000,              ,  0.000000    ,  10.02503    ,  10.02502    ,  0.000000    ,  10.02502    ,  10.02503    ,-0.6675720E-05,-0.2929688E-01,-0.2929020E-01,-0.1460854    ,  20.05006    ,  32491.76    ,  3433275.    ,-0.9743027E-01,-0.2837823E-05,-0.2837823E-05
