Time,RPin,RPout
0.0,44.296283407311286,999.0565545543408
