"Time (h)    ","1D and 2D:  ","H Vol In    ","H Vol Out   ","Q Vol In    ","Q Vol Out   ","Tot Vol In  ","Tot Vol Out ","Vol I-O     ","dVol        ","Vol Err     ","Q ME (%)    ","Vol I+O     ","Tot Vol     ","Cum Vol I+O ","Cum Vol Err ","Cum ME (%)  ","Cum Q ME (%)"
         0.000,              ,  0.000000    ,  0.000000    ,  0.000000    ,  0.000000    ,  0.000000    ,  0.000000    ,  0.000000    ,  0.000000    ,  0.000000    ,  0.000000    ,  0.000000    ,  11303.81    ,  0.000000    ,  0.000000    ,  0.000000    ,  0.000000    
         4.000,              ,  3.123289    ,  1271831.    ,  1296000.    ,  0.000000    ,  1296003.    ,  1271831.    ,  24171.81    ,  24171.73    ,-0.8529878E-01,-0.3321818E-05,  2567834.    ,  35475.54    ,  2567834.    ,-0.8529878E-01,-0.3321818E-05,-0.3321818E-05
         4.500,              ,  0.000000    ,  162000.0    ,  162000.0    ,  0.000000    ,  162000.0    ,  162000.0    , 0.3069878E-02,-0.3906250E-02,-0.6976128E-02,-0.2153126E-05,  324000.0    ,  35475.53    ,  2891834.    ,-0.9227491E-01,-0.3190878E-05,-0.3190878E-05
         5.000,              ,  0.000000    ,  162000.0    ,  162000.0    ,  0.000000    ,  162000.0    ,  162000.0    , 0.4191399E-02, 0.3906250E-02,-0.2851486E-03,-0.8800883E-07,  324000.0    ,  35475.54    ,  3215834.    ,-0.9256006E-01,-0.2878259E-05,-0.2878259E-05
         5.500,              ,  0.000000    ,  162000.0    ,  162000.0    ,  0.000000    ,  162000.0    ,  162000.0    ,-0.4289627E-02,-0.1171875E-01,-0.7429123E-02,-0.2292939E-05,  324000.0    ,  35475.52    ,  3539834.    ,-0.9998918E-01,-0.2824685E-05,-0.2824685E-05
         6.000,              ,  0.000000    ,  162000.0    ,  162000.0    ,  0.000000    ,  162000.0    ,  162000.0    ,-0.3931904E-01,-0.4687500E-01,-0.7555962E-02,-0.2332087E-05,  324000.0    ,  35475.48    ,  3863834.    ,-0.1075451    ,-0.2783378E-05,-0.2783378E-05
         6.000,              ,  0.000000    ,  11.27812    ,  11.27815    ,  0.000000    ,  11.27815    ,  11.27812    , 0.3623962E-04,-0.2343750E-01,-0.2347374E-01,-0.1040675    ,  22.55627    ,  35475.45    ,  3863857.    ,-0.1310189    ,-0.3390883E-05,-0.3390883E-05
