"Time (h)    ","1D and 2D:  ","H Vol In    ","H Vol Out   ","Q Vol In    ","Q Vol Out   ","Tot Vol In  ","Tot Vol Out ","Vol I-O     ","dVol        ","Vol Err     ","Q ME (%)    ","Vol I+O     ","Tot Vol     ","Cum Vol I+O ","Cum Vol Err ","Cum ME (%)  ","Cum Q ME (%)"
         0.000,              ,  0.000000    ,  0.000000    ,  0.000000    ,  0.000000    ,  0.000000    ,  0.000000    ,  0.000000    ,  0.000000    ,  0.000000    ,  0.000000    ,  0.000000    ,  3728.943    ,  0.000000    ,  0.000000    ,  0.000000    ,  0.000000    
         4.000,              , 0.7916717    ,  135338.5    ,  144000.0    ,  0.000000    ,  144000.8    ,  135338.5    ,  8662.278    ,  8662.283    , 0.4693859E-02, 0.1680343E-05,  279339.3    ,  12391.23    ,  279339.3    , 0.4693859E-02, 0.1680343E-05, 0.1680343E-05
         4.500,              ,  0.000000    ,  18000.00    ,  18000.00    ,  0.000000    ,  18000.00    ,  18000.00    , 0.1070023E-02,-0.1953125E-02,-0.3023148E-02,-0.8397631E-05,  36000.00    ,  12391.22    ,  315339.3    , 0.1670711E-02, 0.5298139E-06, 0.5298139E-06
         5.000,              ,  0.000000    ,  18000.00    ,  18000.00    ,  0.000000    ,  18000.00    ,  18000.00    , 0.1539707E-02, 0.9765625E-03,-0.5631447E-03,-0.1564291E-05,  36000.00    ,  12391.22    ,  351339.3    , 0.1107567E-02, 0.3152413E-06, 0.3152413E-06
         5.500,              ,  0.000000    ,  18000.00    ,  18000.00    ,  0.000000    ,  18000.00    ,  18000.00    , 0.1029968E-02,  0.000000    ,-0.1029968E-02,-0.2861023E-05,  36000.00    ,  12391.22    ,  387339.3    , 0.7759855E-04, 0.2003374E-07, 0.2003374E-07
         6.000,              ,  0.000000    ,  18000.00    ,  18000.00    ,  0.000000    ,  18000.00    ,  18000.00    , 0.2334118E-03,  0.000000    ,-0.2334118E-03,-0.6483660E-06,  36000.00    ,  12391.22    ,  423339.3    ,-0.1558132E-03,-0.3680575E-07,-0.3680575E-07
         6.000,              ,  0.000000    ,  1.253113    ,  1.253128    ,  0.000000    ,  1.253128    ,  1.253113    , 0.1466274E-04, 0.9765625E-03, 0.9618998E-03, 0.3838017E-01,  2.506241    ,  12391.23    ,  423341.8    , 0.8060865E-03, 0.1904103E-06, 0.1904103E-06
