"Time (h)    ","1D and 2D:  ","H Vol In    ","H Vol Out   ","Q Vol In    ","Q Vol Out   ","Tot Vol In  ","Tot Vol Out ","Vol I-O     ","dVol        ","Vol Err     ","Q ME (%)    ","Vol I+O     ","Tot Vol     ","Cum Vol I+O ","Cum Vol Err ","Cum ME (%)  ","Cum Q ME (%)"
         0.000,              ,  0.000000    ,  0.000000    ,  0.000000    ,  0.000000    ,  0.000000    ,  0.000000    ,  0.000000    ,  0.000000    ,  0.000000    ,  0.000000    ,  0.000000    ,  2967.308    ,  0.000000    ,  0.000000    ,  0.000000    ,  0.000000    
         4.000,              , 0.4119433    ,  418692.8    ,  432000.0    ,  0.000000    ,  432000.4    ,  418692.8    ,  13307.64    ,  13307.65    , 0.8865809E-02, 0.1042186E-05,  850693.2    ,  16274.95    ,  850693.2    , 0.8865809E-02, 0.1042186E-05, 0.1042186E-05
         4.500,              ,  0.000000    ,  54000.07    ,  54000.00    ,  0.000000    ,  54000.00    ,  54000.07    ,-0.7145643E-01,-0.6933594E-01, 0.2120495E-02, 0.1963420E-05,  108000.1    ,  16274.88    ,  958693.2    , 0.1098630E-01, 0.1145967E-05, 0.1145967E-05
         5.000,              ,  0.000000    ,  54000.00    ,  54000.00    ,  0.000000    ,  54000.00    ,  54000.00    ,-0.4900455E-02,-0.5859375E-02,-0.9589195E-03,-0.8878884E-06,  108000.0    ,  16274.88    ,  1066693.    , 0.1002738E-01, 0.9400439E-06, 0.9400439E-06
         5.500,              ,  0.000000    ,  53999.99    ,  54000.00    ,  0.000000    ,  54000.00    ,  53999.99    , 0.1279116E-01, 0.1171875E-01,-0.1072407E-02,-0.9929694E-06,  108000.0    ,  16274.89    ,  1174693.    , 0.8954978E-02, 0.7623248E-06, 0.7623248E-06
         6.000,              ,  0.000000    ,  54000.01    ,  54000.00    ,  0.000000    ,  54000.00    ,  54000.01    ,-0.8603096E-02,-0.5859375E-02, 0.2743721E-02, 0.2540482E-05,  108000.0    ,  16274.88    ,  1282693.    , 0.1169870E-01, 0.9120418E-06, 0.9120418E-06
         6.000,              ,  0.000000    ,  3.759346    ,  3.759384    ,  0.000000    ,  3.759384    ,  3.759346    , 0.3838539E-04, 0.9765625E-02, 0.9727240E-02, 0.1293734    ,  7.518730    ,  16274.89    ,  1282701.    , 0.2142594E-01, 0.1670377E-05, 0.1670377E-05
