"Time (h)    ","1D and 2D:  ","H Vol In    ","H Vol Out   ","Q Vol In    ","Q Vol Out   ","Tot Vol In  ","Tot Vol Out ","Vol I-O     ","dVol        ","Vol Err     ","Q ME (%)    ","Vol I+O     ","Tot Vol     ","Cum Vol I+O ","Cum Vol Err ","Cum ME (%)  ","Cum Q ME (%)"
         0.000,              ,  0.000000    ,  0.000000    ,  0.000000    ,  0.000000    ,  0.000000    ,  0.000000    ,  0.000000    ,  0.000000    ,  0.000000    ,  0.000000    ,  0.000000    ,  3214.875    ,  0.000000    ,  0.000000    ,  0.000000    ,  0.000000    
         4.000,              , 0.5052894    ,  93100.18    ,  100800.0    ,  0.000000    ,  100800.5    ,  93100.18    ,  7700.329    ,  7700.331    , 0.1511652E-02, 0.7796012E-06,  193900.7    ,  10915.21    ,  193900.7    , 0.1511652E-02, 0.7796012E-06, 0.7796012E-06
         4.500,              ,  0.000000    ,  12600.00    ,  12600.00    ,  0.000000    ,  12600.00    ,  12600.00    ,-0.2429485E-03, 0.1953125E-02, 0.2196074E-02, 0.8714577E-05,  25200.00    ,  10915.21    ,  219100.7    , 0.3707726E-02, 0.1692247E-05, 0.1692247E-05
         5.000,              ,  0.000000    ,  12600.00    ,  12600.00    ,  0.000000    ,  12600.00    ,  12600.00    ,-0.2096891E-03, 0.9765625E-03, 0.1186252E-02, 0.4707347E-05,  25200.00    ,  10915.21    ,  244300.7    , 0.4893977E-02, 0.2003260E-05, 0.2003260E-05
         5.500,              ,  0.000000    ,  12600.00    ,  12600.00    ,  0.000000    ,  12600.00    ,  12600.00    , 0.5325079E-03,-0.9765625E-03,-0.1509070E-02,-0.5988375E-05,  25200.00    ,  10915.21    ,  269500.7    , 0.3384907E-02, 0.1255992E-05, 0.1255992E-05
         6.000,              ,  0.000000    ,  12600.00    ,  12600.00    ,  0.000000    ,  12600.00    ,  12600.00    , 0.1500845E-03, 0.9765625E-03, 0.8264780E-03, 0.3279675E-05,  25200.00    ,  10915.21    ,  294700.7    , 0.4211385E-02, 0.1429038E-05, 0.1429038E-05
         6.000,              ,  0.000000    , 0.8772162    , 0.8771897    ,  0.000000    , 0.8771897    , 0.8772162    ,-0.2652407E-04,  0.000000    , 0.2652407E-04, 0.1511855E-02,  1.754406    ,  10915.21    ,  294702.4    , 0.4237909E-02, 0.1438030E-05, 0.1438030E-05
