"Time (h)    ","1D and 2D:  ","H Vol In    ","H Vol Out   ","Q Vol In    ","Q Vol Out   ","Tot Vol In  ","Tot Vol Out ","Vol I-O     ","dVol        ","Vol Err     ","Q ME (%)    ","Vol I+O     ","Tot Vol     ","Cum Vol I+O ","Cum Vol Err ","Cum ME (%)  ","Cum Q ME (%)"
         0.000,              ,  0.000000    ,  0.000000    ,  0.000000    ,  0.000000    ,  0.000000    ,  0.000000    ,  0.000000    ,  0.000000    ,  0.000000    ,  0.000000    ,  0.000000    ,  481.9523    ,  0.000000    ,  0.000000    ,  0.000000    ,  0.000000    
         4.000,              ,  75.22845    ,  262439.3    ,  288000.0    ,  0.000000    ,  288075.2    ,  262439.3    ,  25635.91    ,  25635.91    , 0.2353373E-02, 0.4274860E-06,  550514.5    ,  26117.87    ,  550514.5    , 0.2353373E-02, 0.4274860E-06, 0.4274860E-06
         4.500,              ,  9.125116    ,  36009.12    ,  36000.00    ,  0.000000    ,  36009.13    ,  36009.12    , 0.7088298E-02, 0.7812500E-02, 0.7242020E-03, 0.1005581E-05,  72018.24    ,  26117.87    ,  622532.8    , 0.3077575E-02, 0.4943635E-06, 0.4943635E-06
         5.000,              ,  9.125107    ,  36009.13    ,  36000.00    ,  0.000000    ,  36009.12    ,  36009.13    ,-0.6742874E-02,-0.3906250E-02, 0.2836624E-02, 0.3938756E-05,  72018.26    ,  26117.87    ,  694551.0    , 0.5914199E-02, 0.8515139E-06, 0.8515139E-06
         5.500,              ,  9.124963    ,  36009.13    ,  36000.00    ,  0.000000    ,  36009.12    ,  36009.13    ,-0.4550377E-02,-0.9765625E-02,-0.5215248E-02,-0.7241564E-05,  72018.25    ,  26117.86    ,  766569.3    , 0.6989506E-03, 0.9117905E-07, 0.9117905E-07
         6.000,              ,  9.125052    ,  36009.12    ,  36000.00    ,  0.000000    ,  36009.13    ,  36009.12    , 0.5180480E-02, 0.1367188E-01, 0.8491395E-02, 0.1179062E-04,  72018.24    ,  26117.87    ,  838587.5    , 0.9190346E-02, 0.1095932E-05, 0.1095932E-05
         6.000,              , 0.6373911E-03,  2.506671    ,  2.506256    ,  0.000000    ,  2.506893    ,  2.506671    , 0.2227812E-03,-0.5859375E-02,-0.6082156E-02,-0.1213140    ,  5.013564    ,  26117.87    ,  838592.6    , 0.3108190E-02, 0.3706436E-06, 0.3706436E-06
