"Time (h)    ","1D and 2D:  ","H Vol In    ","H Vol Out   ","Q Vol In    ","Q Vol Out   ","Tot Vol In  ","Tot Vol Out ","Vol I-O     ","dVol        ","Vol Err     ","Q ME (%)    ","Vol I+O     ","Tot Vol     ","Cum Vol I+O ","Cum Vol Err ","Cum ME (%)  ","Cum Q ME (%)"
         0.000,              ,  0.000000    ,  0.000000    ,  0.000000    ,  0.000000    ,  0.000000    ,  0.000000    ,  0.000000    ,  0.000000    ,  0.000000    ,  0.000000    ,  0.000000    ,  83.50251    ,  0.000000    ,  0.000000    ,  0.000000    ,  0.000000    
         4.000,              , 0.8595917    ,  43253.24    ,  57600.00    ,  0.000000    ,  57600.86    ,  43253.24    ,  14347.62    ,  14347.62    , 0.9569115E-03, 0.9488077E-06,  100854.1    ,  14431.12    ,  100854.1    , 0.9569115E-03, 0.9488077E-06, 0.9488077E-06
         4.500,              ,  0.000000    ,  7200.000    ,  7200.000    ,  0.000000    ,  7200.000    ,  7200.000    , 0.2890825E-03, 0.9765625E-03, 0.6874800E-03, 0.4774166E-05,  14400.00    ,  14431.13    ,  115254.1    , 0.1644391E-02, 0.1426753E-05, 0.1426753E-05
         5.000,              ,  0.000000    ,  7200.000    ,  7200.000    ,  0.000000    ,  7200.000    ,  7200.000    ,-0.3079772E-03, 0.9765625E-03, 0.1284540E-02, 0.8920414E-05,  14400.00    ,  14431.13    ,  129654.1    , 0.2928931E-02, 0.2259035E-05, 0.2259035E-05
         5.500,              ,  0.000000    ,  7199.999    ,  7200.000    ,  0.000000    ,  7200.000    ,  7199.999    , 0.7611513E-03,-0.1953125E-02,-0.2714276E-02,-0.1884914E-04,  14400.00    ,  14431.12    ,  144054.1    , 0.2146548E-03, 0.1490099E-06, 0.1490099E-06
         6.000,              ,  0.000000    ,  7200.000    ,  7200.000    ,  0.000000    ,  7200.000    ,  7200.000    , 0.4116893E-03,-0.9765625E-03,-0.1388252E-02,-0.9640637E-05,  14400.00    ,  14431.12    ,  158454.1    ,-0.1173597E-02,-0.7406542E-06,-0.7406542E-06
         6.000,              ,  0.000000    , 0.5012532    , 0.5012512    ,  0.000000    , 0.5012512    , 0.5012532    ,-0.2026558E-05, 0.3906250E-02, 0.3908277E-02, 0.3898513    ,  1.002504    ,  14431.13    ,  158455.1    , 0.2734680E-02, 0.1725839E-05, 0.1725839E-05
