"Time (h)    ","1D and 2D:  ","H Vol In    ","H Vol Out   ","Q Vol In    ","Q Vol Out   ","Tot Vol In  ","Tot Vol Out ","Vol I-O     ","dVol        ","Vol Err     ","Q ME (%)    ","Vol I+O     ","Tot Vol     ","Cum Vol I+O ","Cum Vol Err ","Cum ME (%)  ","Cum Q ME (%)"
         0.000,              ,  0.000000    ,  0.000000    ,  0.000000    ,  0.000000    ,  0.000000    ,  0.000000    ,  0.000000    ,  0.000000    ,  0.000000    ,  0.000000    ,  0.000000    ,  734.3051    ,  0.000000    ,  0.000000    ,  0.000000    ,  0.000000    
         4.000,              , 0.3369439    ,  123284.4    ,  129600.0    ,  0.000000    ,  129600.3    ,  123284.4    ,  6315.951    ,  6315.949    ,-0.2615830E-02,-0.1034396E-05,  252884.7    ,  7050.254    ,  252884.7    ,-0.2615830E-02,-0.1034396E-05,-0.1034396E-05
         4.500,              ,  0.000000    ,  16200.00    ,  16200.00    ,  0.000000    ,  16200.00    ,  16200.00    , 0.4571438E-02, 0.4394531E-02,-0.1769066E-03,-0.5460080E-06,  32400.00    ,  7050.258    ,  285284.7    ,-0.2792736E-02,-0.9789295E-06,-0.9789295E-06
         5.000,              ,  0.000000    ,  16200.01    ,  16200.00    ,  0.000000    ,  16200.00    ,  16200.01    ,-0.9964466E-02,-0.1025391E-01,-0.2894402E-03,-0.8933335E-06,  32400.01    ,  7050.248    ,  317684.7    ,-0.3082177E-02,-0.9701997E-06,-0.9701997E-06
         5.500,              ,  0.000000    ,  16199.99    ,  16200.00    ,  0.000000    ,  16200.00    ,  16199.99    , 0.9371996E-02, 0.8789062E-02,-0.5829334E-03,-0.1799178E-05,  32399.99    ,  7050.257    ,  350084.7    ,-0.3665110E-02,-0.1046921E-05,-0.1046921E-05
         6.000,              ,  0.000000    ,  16201.54    ,  16200.00    ,  0.000000    ,  16200.00    ,  16201.54    , -1.535115    , -1.535645    ,-0.5297661E-03,-0.1635003E-05,  32401.54    ,  7048.721    ,  382486.3    ,-0.4194876E-02,-0.1096739E-05,-0.1096739E-05
         6.000,              ,  0.000000    ,  1.121143    ,  1.127815    ,  0.000000    ,  1.127815    ,  1.121143    , 0.6672144E-02, 0.7324219E-02, 0.6520748E-03, 0.2899452E-01,  2.248958    ,  7048.729    ,  382488.5    ,-0.3542801E-02,-0.9262504E-06,-0.9262504E-06
