"Time (h)    ","1D and 2D:  ","H Vol In    ","H Vol Out   ","Q Vol In    ","Q Vol Out   ","Tot Vol In  ","Tot Vol Out ","Vol I-O     ","dVol        ","Vol Err     ","Q ME (%)    ","Vol I+O     ","Tot Vol     ","Cum Vol I+O ","Cum Vol Err ","Cum ME (%)  ","Cum Q ME (%)"
         0.000,              ,  0.000000    ,  0.000000    ,  0.000000    ,  0.000000    ,  0.000000    ,  0.000000    ,  0.000000    ,  0.000000    ,  0.000000    ,  0.000000    ,  0.000000    ,  2638.690    ,  0.000000    ,  0.000000    ,  0.000000    ,  0.000000    
         4.000,              , 0.5401268    ,  51095.93    ,  57600.00    ,  0.000000    ,  57600.54    ,  51095.93    ,  6504.609    ,  6504.608    ,-0.3043199E-03,-0.2799722E-06,  108696.5    ,  9143.299    ,  108696.5    ,-0.3043199E-03,-0.2799722E-06,-0.2799722E-06
         4.500,              ,  0.000000    ,  7200.001    ,  7200.000    ,  0.000000    ,  7200.000    ,  7200.001    ,-0.8264780E-03,  0.000000    , 0.8264780E-03, 0.5739430E-05,  14400.00    ,  9143.299    ,  123096.5    , 0.5221581E-03, 0.4241861E-06, 0.4241861E-06
         5.000,              ,  0.000000    ,  7200.000    ,  7200.000    ,  0.000000    ,  7200.000    ,  7200.000    , 0.3236532E-03, 0.2929688E-02, 0.2606034E-02, 0.1809746E-04,  14400.00    ,  9143.302    ,  137496.5    , 0.3128192E-02, 0.2275107E-05, 0.2275107E-05
         5.500,              ,  0.000000    ,  7200.000    ,  7200.000    ,  0.000000    ,  7200.000    ,  7200.000    ,-0.1897812E-03,-0.2929688E-02,-0.2739906E-02,-0.1902713E-04,  14400.00    ,  9143.299    ,  151896.5    , 0.3882861E-03, 0.2556255E-06, 0.2556255E-06
         6.000,              ,  0.000000    ,  7200.000    ,  7200.000    ,  0.000000    ,  7200.000    ,  7200.000    , 0.1134872E-03,  0.000000    ,-0.1134872E-03,-0.7881059E-06,  14400.00    ,  9143.299    ,  166296.5    , 0.2747989E-03, 0.1652464E-06, 0.1652464E-06
         6.000,              ,  0.000000    , 0.5012242    , 0.5012513    ,  0.000000    , 0.5012513    , 0.5012242    , 0.2712011E-04,  0.000000    ,-0.2712011E-04,-0.2705314E-02,  1.002475    ,  9143.299    ,  166297.5    , 0.2476787E-03, 0.1489372E-06, 0.1489372E-06
