"Time (h)    ","1D and 2D:  ","H Vol In    ","H Vol Out   ","Q Vol In    ","Q Vol Out   ","Tot Vol In  ","Tot Vol Out ","Vol I-O     ","dVol        ","Vol Err     ","Q ME (%)    ","Vol I+O     ","Tot Vol     ","Cum Vol I+O ","Cum Vol Err ","Cum ME (%)  ","Cum Q ME (%)"
         0.000,              ,  0.000000    ,  0.000000    ,  0.000000    ,  0.000000    ,  0.000000    ,  0.000000    ,  0.000000    ,  0.000000    ,  0.000000    ,  0.000000    ,  0.000000    ,  2415.925    ,  0.000000    ,  0.000000    ,  0.000000    ,  0.000000    
         4.000,              , 0.7662582    ,  37186.06    ,  43200.00    ,  0.000000    ,  43200.77    ,  37186.06    ,  6014.707    ,  6014.710    , 0.3320252E-02, 0.4130343E-05,  80386.82    ,  8430.636    ,  80386.82    , 0.3320252E-02, 0.4130343E-05, 0.4130343E-05
         4.500,              ,  0.000000    ,  5400.000    ,  5400.000    ,  0.000000    ,  5400.000    ,  5400.000    , 0.3162622E-03, 0.9765625E-03, 0.6603003E-03, 0.6113892E-05,  10800.00    ,  8430.637    ,  91186.82    , 0.3980552E-02, 0.4365271E-05, 0.4365271E-05
         5.000,              ,  0.000000    ,  5400.000    ,  5400.000    ,  0.000000    ,  5400.000    ,  5400.000    ,-0.2436042E-03,-0.9765625E-03,-0.7329583E-03,-0.6786651E-05,  10800.00    ,  8430.636    ,  101986.8    , 0.3247594E-02, 0.3184327E-05, 0.3184327E-05
         5.500,              ,  0.000000    ,  5400.000    ,  5400.000    ,  0.000000    ,  5400.000    ,  5400.000    , 0.7671118E-04, 0.9765625E-03, 0.8998513E-03, 0.8331957E-05,  10800.00    ,  8430.637    ,  112786.8    , 0.4147445E-02, 0.3677242E-05, 0.3677242E-05
         6.000,              ,  0.000000    ,  5400.000    ,  5400.000    ,  0.000000    ,  5400.000    ,  5400.000    , 0.3407001E-03,-0.9765625E-03,-0.1317263E-02,-0.1219688E-04,  10800.00    ,  8430.636    ,  123586.8    , 0.2830182E-02, 0.2290036E-05, 0.2290036E-05
         6.000,              ,  0.000000    , 0.3759313    , 0.3759384    ,  0.000000    , 0.3759384    , 0.3759313    , 0.7063150E-05,  0.000000    ,-0.7063150E-05,  0.000000    , 0.7518696    ,  8430.636    ,  123587.6    , 0.2823119E-02, 0.2284307E-05, 0.2284307E-05
