Time,RPin,RPout
0.0,0.3040627441886978,997.6516000065635
