"Time (h)    ","1D and 2D:  ","H Vol In    ","H Vol Out   ","Q Vol In    ","Q Vol Out   ","Tot Vol In  ","Tot Vol Out ","Vol I-O     ","dVol        ","Vol Err     ","Q ME (%)    ","Vol I+O     ","Tot Vol     ","Cum Vol I+O ","Cum Vol Err ","Cum ME (%)  ","Cum Q ME (%)"
         0.000,              ,  0.000000    ,  0.000000    ,  0.000000    ,  0.000000    ,  0.000000    ,  0.000000    ,  0.000000    ,  0.000000    ,  0.000000    ,  0.000000    ,  0.000000    ,  4360.502    ,  0.000000    ,  0.000000    ,  0.000000    ,  0.000000    
         4.000,              ,  59898.06    ,  1446023.    ,  1440000.    ,  0.000000    ,  1499898.    ,  1446023.    ,  53875.33    ,  53875.35    , 0.1741016E-01, 0.5909923E-06,  2945921.    ,  58235.85    ,  2945921.    , 0.1741016E-01, 0.5909923E-06, 0.5909923E-06
         4.500,              ,  7760.252    ,  187760.3    ,  180000.0    ,  0.000000    ,  187760.3    ,  187760.3    ,-0.1508754E-01,-0.1953125E-01,-0.4443705E-02,-0.1183345E-05,  375520.5    ,  58235.83    ,  3321441.    , 0.1296646E-01, 0.3903865E-06, 0.3903865E-06
         5.000,              ,  7760.220    ,  187760.3    ,  180000.0    ,  0.000000    ,  187760.2    ,  187760.3    ,-0.6418592E-01,-0.6250000E-01, 0.1685917E-02, 0.4489548E-06,  375520.5    ,  58235.77    ,  3696962.    , 0.1465238E-01, 0.3963356E-06, 0.3963356E-06
         5.500,              ,  7760.219    ,  187760.3    ,  180000.0    ,  0.000000    ,  187760.2    ,  187760.3    ,-0.9520370E-01,-0.1054688    ,-0.1026505E-01,-0.2733553E-05,  375520.5    ,  58235.66    ,  4072482.    , 0.4387325E-02, 0.1077310E-06, 0.1077310E-06
         6.000,              ,  7760.198    ,  187760.2    ,  180000.0    ,  0.000000    ,  187760.2    ,  187760.2    , 0.1959693E-01, 0.2734375E-01, 0.7746816E-02, 0.2062955E-05,  375520.4    ,  58235.69    ,  4448003.    , 0.1213414E-01, 0.2727998E-06, 0.2727998E-06
         6.000,              , 0.5402635    ,  13.07146    ,  12.53128    ,  0.000000    ,  13.07154    ,  13.07146    , 0.8136034E-04,-0.3906250E-02,-0.3987610E-02,-0.1525307E-01,  26.14301    ,  58235.68    ,  4448029.    , 0.8146530E-02, 0.1831492E-06, 0.1831492E-06
