Time,RPin,RPout
0.0,6.602867987978476,998.1302976323785
