"Time (h)    ","1D and 2D:  ","H Vol In    ","H Vol Out   ","Q Vol In    ","Q Vol Out   ","Tot Vol In  ","Tot Vol Out ","Vol I-O     ","dVol        ","Vol Err     ","Q ME (%)    ","Vol I+O     ","Tot Vol     ","Cum Vol I+O ","Cum Vol Err ","Cum ME (%)  ","Cum Q ME (%)"
         0.000,              ,  0.000000    ,  0.000000    ,  0.000000    ,  0.000000    ,  0.000000    ,  0.000000    ,  0.000000    ,  0.000000    ,  0.000000    ,  0.000000    ,  0.000000    ,  547.9605    ,  0.000000    ,  0.000000    ,  0.000000    ,  0.000000    
         4.000,              , 0.3952639    ,  95431.33    ,  100800.0    ,  0.000000    ,  100800.4    ,  95431.33    ,  5369.062    ,  5369.061    ,-0.6891722E-03,-0.3512032E-06,  196231.7    ,  5917.021    ,  196231.7    ,-0.6891722E-03,-0.3512032E-06,-0.3512032E-06
         4.500,              ,  0.000000    ,  12600.01    ,  12600.00    ,  0.000000    ,  12600.00    ,  12600.01    ,-0.1224399E-01,-0.1123047E-01, 0.1013517E-02, 0.4021892E-05,  25200.01    ,  5917.010    ,  221431.7    , 0.3243452E-03, 0.1464764E-06, 0.1464764E-06
         5.000,              ,  0.000000    ,  12600.00    ,  12600.00    ,  0.000000    ,  12600.00    ,  12600.00    , 0.4083395E-02, 0.2929688E-02,-0.1153708E-02,-0.4578205E-05,  25200.00    ,  5917.013    ,  246631.7    ,-0.8293623E-03,-0.3362756E-06,-0.3362756E-06
         5.500,              ,  0.000000    ,  12600.01    ,  12600.00    ,  0.000000    ,  12600.00    ,  12600.01    ,-0.5131960E-02,-0.4882812E-02, 0.2491474E-03, 0.9886800E-06,  25200.00    ,  5917.008    ,  271831.7    ,-0.5802149E-03,-0.2134463E-06,-0.2134463E-06
         6.000,              ,  0.000000    ,  12600.00    ,  12600.00    ,  0.000000    ,  12600.00    ,  12600.00    , 0.3039837E-02, 0.2929688E-02,-0.1101494E-03,-0.4371008E-06,  25200.00    ,  5917.011    ,  297031.7    ,-0.6903642E-03,-0.2324210E-06,-0.2324210E-06
         6.000,              ,  0.000000    , 0.8771710    , 0.8771896    ,  0.000000    , 0.8771896    , 0.8771710    , 0.1865625E-04,-0.1464844E-02,-0.1483500E-02,-0.8456072E-01,  1.754361    ,  5917.010    ,  297033.5    ,-0.2173864E-02,-0.7318583E-06,-0.7318583E-06
