"Time (h)    ","1D and 2D:  ","H Vol In    ","H Vol Out   ","Q Vol In    ","Q Vol Out   ","Tot Vol In  ","Tot Vol Out ","Vol I-O     ","dVol        ","Vol Err     ","Q ME (%)    ","Vol I+O     ","Tot Vol     ","Cum Vol I+O ","Cum Vol Err ","Cum ME (%)  ","Cum Q ME (%)"
         0.000,              ,  0.000000    ,  0.000000    ,  0.000000    ,  0.000000    ,  0.000000    ,  0.000000    ,  0.000000    ,  0.000000    ,  0.000000    ,  0.000000    ,  0.000000    ,  6653.177    ,  0.000000    ,  0.000000    ,  0.000000    ,  0.000000    
         4.000,              , 0.8243036    ,  844255.9    ,  864000.0    ,  0.000000    ,  864000.8    ,  844255.9    ,  19744.93    ,  19744.94    , 0.8940747E-02, 0.5233842E-06,  1708257.    ,  26398.12    ,  1708257.    , 0.8940747E-02, 0.5233842E-06, 0.5233842E-06
         4.500,              ,  0.000000    ,  107997.0    ,  108000.0    ,  0.000000    ,  108000.0    ,  107997.0    ,  2.975742    ,  2.986328    , 0.1058578E-01, 0.4900894E-05,  215997.0    ,  26401.10    ,  1924254.    , 0.1952653E-01, 0.1014759E-05, 0.1014759E-05
         5.000,              ,  0.000000    ,  108000.0    ,  108000.0    ,  0.000000    ,  108000.0    ,  108000.0    ,-0.1868248E-02,-0.7812500E-02,-0.5944252E-02,-0.2751969E-05,  216000.0    ,  26401.09    ,  2140254.    , 0.1358228E-01, 0.6346107E-06, 0.6346107E-06
         5.500,              ,  0.000000    ,  108000.0    ,  108000.0    ,  0.000000    ,  108000.0    ,  108000.0    , 0.2126694E-03,-0.5859375E-02,-0.6072044E-02,-0.2811132E-05,  216000.0    ,  26401.09    ,  2356254.    , 0.7510236E-02, 0.3187363E-06, 0.3187363E-06
         6.000,              ,  0.000000    ,  108000.2    ,  108000.0    ,  0.000000    ,  108000.0    ,  108000.2    ,-0.2005529    ,-0.2070312    ,-0.6478310E-02,-0.2999215E-05,  216000.2    ,  26400.88    ,  2572254.    , 0.1031926E-02, 0.4011758E-07, 0.4011758E-07
         6.000,              ,  0.000000    ,  7.518486    ,  7.518768    ,  0.000000    ,  7.518768    ,  7.518486    , 0.2818108E-03,-0.7812500E-02,-0.8094311E-02,-0.5382838E-01,  15.03725    ,  26400.87    ,  2572269.    ,-0.7062385E-02,-0.2745586E-06,-0.2745586E-06
