"Time (h)    ","1D and 2D:  ","H Vol In    ","H Vol Out   ","Q Vol In    ","Q Vol Out   ","Tot Vol In  ","Tot Vol Out ","Vol I-O     ","dVol        ","Vol Err     ","Q ME (%)    ","Vol I+O     ","Tot Vol     ","Cum Vol I+O ","Cum Vol Err ","Cum ME (%)  ","Cum Q ME (%)"
         0.000,              ,  0.000000    ,  0.000000    ,  0.000000    ,  0.000000    ,  0.000000    ,  0.000000    ,  0.000000    ,  0.000000    ,  0.000000    ,  0.000000    ,  0.000000    ,  2628.825    ,  0.000000    ,  0.000000    ,  0.000000    ,  0.000000    
         4.000,              ,  31888.63    ,  994444.6    ,  1008000.    ,  0.000000    ,  1039889.    ,  994444.6    ,  45444.02    ,  45444.04    , 0.2602061E-01, 0.1279073E-05,  2034333.    ,  48072.87    ,  2034333.    , 0.2602061E-01, 0.1279073E-05, 0.1279073E-05
         4.500,              ,  4156.263    ,  130156.3    ,  126000.0    ,  0.000000    ,  130156.3    ,  130156.3    ,-0.4319549E-03,-0.3906250E-02,-0.3474295E-02,-0.1334663E-05,  260312.5    ,  48072.86    ,  2294646.    , 0.2254631E-01, 0.9825618E-06, 0.9825618E-06
         5.000,              ,  4156.260    ,  130156.3    ,  126000.0    ,  0.000000    ,  130156.3    ,  130156.3    , 0.3492534E-03, 0.7812500E-02, 0.7463247E-02, 0.2867034E-05,  260312.5    ,  48072.87    ,  2554958.    , 0.3000956E-01, 0.1174562E-05, 0.1174562E-05
         5.500,              ,  4156.262    ,  130156.3    ,  126000.0    ,  0.000000    ,  130156.3    ,  130156.3    , 0.2405345E-03,-0.1562500E-01,-0.1586553E-01,-0.6094802E-05,  260312.5    ,  48072.86    ,  2815271.    , 0.1414403E-01, 0.5024037E-06, 0.5024037E-06
         6.000,              ,  4156.262    ,  130156.3    ,  126000.0    ,  0.000000    ,  130156.3    ,  130156.3    ,-0.2634048E-02, 0.1562500E-01, 0.1825905E-01, 0.7014280E-05,  260312.5    ,  48072.87    ,  3075583.    , 0.3240307E-01, 0.1053559E-05, 0.1053559E-05
         6.000,              , 0.2893462    ,  9.061407    ,  8.771896    ,  0.000000    ,  9.061243    ,  9.061407    ,-0.1645386E-03,-0.7812500E-02,-0.7647961E-02,-0.4220112E-01,  18.12265    ,  48072.86    ,  3075601.    , 0.2475511E-01, 0.8048869E-06, 0.8048869E-06
