Time,RPin,RPout
0,60,1003.483947645387
0.25,60,1003.483947645387
