Time,RPin,RPout
0,70,1003.5763237353059
0.25,70,1003.5763237353059
