Time,RPin,RPout
0,50,1003.3826221835362
0.25,50,1003.3826221835362
