Time,RPin,RPout
0,1,1002.4189940935671
0.25,1,1002.4189940935671
