Time,RPin,RPout
0,5,1002.6279912497257
0.25,5,1002.6279912497257
