Time,RPin,RPout
0,3,1002.5442502467456
0.25,3,1002.5442502467456
