Time,RPin,RPout
0,100,1003.8282421266196
0.25,100,1003.8282421266196
