Time,RPin,RPout
0,4,1002.5892109723694
0.25,4,1002.5892109723694
