Time,RPin,RPout
0,15,1002.8909530420052
0.25,15,1002.8909530420052
