Time,RPin,RPout
0,40,1003.2696872823709
0.25,40,1003.2696872823709
