Time,RPin,RPout
0.0,0.018905051268316507,997.53363705034
