Time,RPin,RPout
0.0,2.2919072619205516,997.8868385247412
