Time,RPin,RPout
0,7,1001.3036655419306
0.25,7,1001.3036655419306
