Time,RPin,RPout
0,20,1001.6432446869004
0.25,20,1001.6432446869004
