Time,RPin,RPout
0,100,1002.6201486181529
0.25,100,1002.6201486181529
