Time,RPin,RPout
0,60,1002.2284139732523
0.25,60,1002.2284139732523
