Time,RPin,RPout
0,4,1001.1799494814628
0.25,4,1001.1799494814628
