Time,RPin,RPout
0,3,1001.1272220972651
0.25,3,1001.1272220972651
