Time,RPin,RPout
0,12,1001.4580402666511
0.25,12,1001.4580402666511
