Time,RPin,RPout
0,90,1002.5311697581618
0.25,90,1002.5311697581618
