Time,RPin,RPout
0,8,1001.3382144492045
0.25,8,1001.3382144492045
