Time,RPin,RPout
0,40,1001.9772263334316
0.25,40,1001.9772263334316
