Time,RPin,RPout
0.0,0.18781123145801945,997.6164020050767
