Time,RPin,RPout
0.0,10.77555519971007,998.285697824308
