Time,RPin,RPout
0.0,0.0985198242400832,997.5794325641417
