"Time (h)    ","1D and 2D:  ","H Vol In    ","H Vol Out   ","Q Vol In    ","Q Vol Out   ","Tot Vol In  ","Tot Vol Out ","Vol I-O     ","dVol        ","Vol Err     ","Q ME (%)    ","Vol I+O     ","Tot Vol     ","Cum Vol I+O ","Cum Vol Err ","Cum ME (%)  ","Cum Q ME (%)"
         0.000,              ,  0.000000    ,  0.000000    ,  0.000000    ,  0.000000    ,  0.000000    ,  0.000000    ,  0.000000    ,  0.000000    ,  0.000000    ,  0.000000    ,  0.000000    ,  144.5495    ,  0.000000    ,  0.000000    ,  0.000000    ,  0.000000    
         4.000,              ,  1.073394    ,  83629.94    ,  100800.0    ,  0.000000    ,  100801.1    ,  83629.94    ,  17171.14    ,  17171.14    , 0.1050708E-02, 0.5697022E-06,  184431.0    ,  17315.69    ,  184431.0    , 0.1050708E-02, 0.5697022E-06, 0.5697022E-06
         4.500,              ,  0.000000    ,  12600.00    ,  12600.00    ,  0.000000    ,  12600.00    ,  12600.00    ,-0.5841255E-05,-0.3906250E-02,-0.3900409E-02,-0.1547781E-04,  25200.00    ,  17315.68    ,  209631.0    ,-0.2849701E-02,-0.1359389E-05,-0.1359389E-05
         5.000,              ,  0.000000    ,  12600.00    ,  12600.00    ,  0.000000    ,  12600.00    ,  12600.00    , 0.1394987E-02, 0.3906250E-02, 0.2511263E-02, 0.9965329E-05,  25200.00    ,  17315.69    ,  234831.0    ,-0.3384383E-03,-0.1441199E-06,-0.1441199E-06
         5.500,              ,  0.000000    ,  12600.00    ,  12600.00    ,  0.000000    ,  12600.00    ,  12600.00    , 0.1440406E-02,  0.000000    ,-0.1440406E-02,-0.5715896E-05,  25200.00    ,  17315.69    ,  260031.0    ,-0.1778844E-02,-0.6840892E-06,-0.6840892E-06
         6.000,              ,  0.000000    ,  12600.00    ,  12600.00    ,  0.000000    ,  12600.00    ,  12600.00    , 0.8878708E-03,  0.000000    ,-0.8878708E-03,-0.3523297E-05,  25200.00    ,  17315.69    ,  285231.0    ,-0.2666715E-02,-0.9349316E-06,-0.9349316E-06
         6.000,              ,  0.000000    , 0.8771842    , 0.8771896    ,  0.000000    , 0.8771896    , 0.8771842    , 0.5483627E-05, 0.3906250E-02, 0.3900766E-02, 0.2223452    ,  1.754374    ,  17315.69    ,  285232.8    , 0.1234051E-02, 0.4326471E-06, 0.4326471E-06
