"Time (h)    ","1D and 2D:  ","H Vol In    ","H Vol Out   ","Q Vol In    ","Q Vol Out   ","Tot Vol In  ","Tot Vol Out ","Vol I-O     ","dVol        ","Vol Err     ","Q ME (%)    ","Vol I+O     ","Tot Vol     ","Cum Vol I+O ","Cum Vol Err ","Cum ME (%)  ","Cum Q ME (%)"
         0.000,              ,  0.000000    ,  0.000000    ,  0.000000    ,  0.000000    ,  0.000000    ,  0.000000    ,  0.000000    ,  0.000000    ,  0.000000    ,  0.000000    ,  0.000000    ,  13216.75    ,  0.000000    ,  0.000000    ,  0.000000    ,  0.000000    
         4.000,              ,  1.891795    ,  1133016.    ,  1152000.    ,  0.000000    ,  1152002.    ,  1133016.    ,  18985.85    ,  18985.78    ,-0.7102490E-01,-0.3108286E-05,  2285018.    ,  32202.53    ,  2285018.    ,-0.7102490E-01,-0.3108286E-05,-0.3108286E-05
         4.500,              ,  0.000000    ,  144000.0    ,  144000.0    ,  0.000000    ,  144000.0    ,  144000.0    , 0.1081467E-02, 0.7812500E-02, 0.6731033E-02, 0.2337164E-05,  288000.0    ,  32202.54    ,  2573018.    ,-0.6429387E-01,-0.2498773E-05,-0.2498773E-05
         5.000,              ,  0.000000    ,  144000.0    ,  144000.0    ,  0.000000    ,  144000.0    ,  144000.0    ,-0.2461433E-02,-0.9765625E-02,-0.7304192E-02,-0.2536178E-05,  288000.0    ,  32202.53    ,  2861018.    ,-0.7159806E-01,-0.2502538E-05,-0.2502538E-05
         5.500,              ,  0.000000    ,  144000.0    ,  144000.0    ,  0.000000    ,  144000.0    ,  144000.0    , 0.1120567E-02,-0.1953125E-02,-0.3073692E-02,-0.1067254E-05,  288000.0    ,  32202.52    ,  3149018.    ,-0.7467175E-01,-0.2371271E-05,-0.2371271E-05
         6.000,              ,  0.000000    ,  144000.0    ,  144000.0    ,  0.000000    ,  144000.0    ,  144000.0    ,-0.3197670E-02, 0.7812500E-02, 0.1101017E-01, 0.3822975E-05,  288000.0    ,  32202.53    ,  3437018.    ,-0.6366158E-01,-0.1852233E-05,-0.1852233E-05
         6.000,              ,  0.000000    ,  10.02502    ,  10.02502    ,  0.000000    ,  10.02502    ,  10.02502    , 0.1907349E-05,-0.1953125E-01,-0.1953316E-01,-0.9742200E-01,  20.05005    ,  32202.51    ,  3437038.    ,-0.8319474E-01,-0.2420536E-05,-0.2420536E-05
