"Time (h)    ","1D and 2D:  ","H Vol In    ","H Vol Out   ","Q Vol In    ","Q Vol Out   ","Tot Vol In  ","Tot Vol Out ","Vol I-O     ","dVol        ","Vol Err     ","Q ME (%)    ","Vol I+O     ","Tot Vol     ","Cum Vol I+O ","Cum Vol Err ","Cum ME (%)  ","Cum Q ME (%)"
         0.000,              ,  0.000000    ,  0.000000    ,  0.000000    ,  0.000000    ,  0.000000    ,  0.000000    ,  0.000000    ,  0.000000    ,  0.000000    ,  0.000000    ,  0.000000    ,  12862.00    ,  0.000000    ,  0.000000    ,  0.000000    ,  0.000000    
         4.000,              ,  4.228880    ,  1414444.    ,  1440000.    ,  0.000000    ,  1440004.    ,  1414444.    ,  25560.31    ,  25560.21    ,-0.1042499    ,-0.3652191E-05,  2854448.    ,  38422.21    ,  2854448.    ,-0.1042499    ,-0.3652191E-05,-0.3652191E-05
         4.500,              ,  0.000000    ,  180000.0    ,  180000.0    ,  0.000000    ,  180000.0    ,  180000.0    , 0.9871483E-02, 0.3906250E-02,-0.5965233E-02,-0.1657009E-05,  360000.0    ,  38422.21    ,  3214448.    ,-0.1102151    ,-0.3428742E-05,-0.3428742E-05
         5.000,              ,  0.000000    ,  180000.0    ,  180000.0    ,  0.000000    ,  180000.0    ,  180000.0    , 0.5889893E-02, 0.1562500E-01, 0.9735107E-02, 0.2704197E-05,  360000.0    ,  38422.23    ,  3574448.    ,-0.1004800    ,-0.2811064E-05,-0.2811064E-05
         5.500,              ,  0.000000    ,  180000.0    ,  180000.0    ,  0.000000    ,  180000.0    ,  180000.0    , 0.3962517E-02,-0.3906250E-02,-0.7868767E-02,-0.2185769E-05,  360000.0    ,  38422.22    ,  3934448.    ,-0.1083488    ,-0.2753850E-05,-0.2753850E-05
         6.000,              ,  0.000000    ,  180000.0    ,  180000.0    ,  0.000000    ,  180000.0    ,  180000.0    , 0.1158714E-02,-0.7812500E-02,-0.8971214E-02,-0.2492004E-05,  360000.0    ,  38422.21    ,  4294448.    ,-0.1173200    ,-0.2731899E-05,-0.2731899E-05
         6.000,              ,  0.000000    ,  12.53129    ,  12.53128    ,  0.000000    ,  12.53128    ,  12.53129    ,-0.1049042E-04,-0.2343750E-01,-0.2342701E-01,-0.9347408E-01,  25.06257    ,  38422.19    ,  4294473.    ,-0.1407470    ,-0.3277399E-05,-0.3277399E-05
