Time,RPin,RPout
0.0,28.53958087695351,998.7531172157445
