"Time (h)    ","1D and 2D:  ","H Vol In    ","H Vol Out   ","Q Vol In    ","Q Vol Out   ","Tot Vol In  ","Tot Vol Out ","Vol I-O     ","dVol        ","Vol Err     ","Q ME (%)    ","Vol I+O     ","Tot Vol     ","Cum Vol I+O ","Cum Vol Err ","Cum ME (%)  ","Cum Q ME (%)"
         0.000,              ,  0.000000    ,  0.000000    ,  0.000000    ,  0.000000    ,  0.000000    ,  0.000000    ,  0.000000    ,  0.000000    ,  0.000000    ,  0.000000    ,  0.000000    ,  20.89485    ,  0.000000    ,  0.000000    ,  0.000000    ,  0.000000    
         4.000,              ,  1.007377    ,  4188.154    ,  14400.00    ,  0.000000    ,  14401.01    ,  4188.154    ,  10212.85    ,  10212.86    , 0.4905180E-02, 0.2638731E-04,  18589.16    ,  10233.75    ,  18589.16    , 0.4905180E-02, 0.2638731E-04, 0.2638731E-04
         4.500,              ,  0.000000    ,  1799.907    ,  1800.000    ,  0.000000    ,  1800.000    ,  1799.907    , 0.9267148E-01, 0.9179688E-01,-0.8746088E-03,-0.2429531E-04,  3599.907    ,  10233.84    ,  22189.07    , 0.4030572E-02, 0.1816467E-04, 0.1816467E-04
         5.000,              ,  0.000000    ,  1799.945    ,  1800.000    ,  0.000000    ,  1800.000    ,  1799.945    , 0.5461133E-01, 0.5468750E-01, 0.7617474E-04, 0.2115997E-05,  3599.945    ,  10233.90    ,  25789.01    , 0.4106746E-02, 0.1592440E-04, 0.1592440E-04
         5.500,              ,  0.000000    ,  1799.920    ,  1800.000    ,  0.000000    ,  1800.000    ,  1799.920    , 0.7981291E-01, 0.8105469E-01, 0.1241773E-02, 0.3449447E-04,  3599.920    ,  10233.98    ,  29388.93    , 0.5348520E-02, 0.1819909E-04, 0.1819909E-04
         6.000,              ,  0.000000    ,  1799.994    ,  1800.000    ,  0.000000    ,  1800.000    ,  1799.994    , 0.5836070E-02, 0.5859375E-02, 0.2330542E-04, 0.6473737E-06,  3599.994    ,  10233.99    ,  32988.93    , 0.5371825E-02, 0.1628372E-04, 0.1628372E-04
         6.000,              ,  0.000000    , 0.1253160    , 0.1253128    ,  0.000000    , 0.1253128    , 0.1253160    ,-0.3173947E-05, 0.9765625E-03, 0.9797364E-03,  0.000000    , 0.2506288    ,  10233.99    ,  32989.18    , 0.6351562E-02, 0.1925347E-04, 0.1925347E-04
