"Time (h)    ","1D and 2D:  ","H Vol In    ","H Vol Out   ","Q Vol In    ","Q Vol Out   ","Tot Vol In  ","Tot Vol Out ","Vol I-O     ","dVol        ","Vol Err     ","Q ME (%)    ","Vol I+O     ","Tot Vol     ","Cum Vol I+O ","Cum Vol Err ","Cum ME (%)  ","Cum Q ME (%)"
         0.000,              ,  0.000000    ,  0.000000    ,  0.000000    ,  0.000000    ,  0.000000    ,  0.000000    ,  0.000000    ,  0.000000    ,  0.000000    ,  0.000000    ,  0.000000    ,  1853.644    ,  0.000000    ,  0.000000    ,  0.000000    ,  0.000000    
         4.000,              , 0.4667919    ,  277570.4    ,  288000.0    ,  0.000000    ,  288000.5    ,  277570.4    ,  10430.08    ,  10430.09    , 0.9295446E-02, 0.1643551E-05,  565570.8    ,  12283.73    ,  565570.8    , 0.9295446E-02, 0.1643551E-05, 0.1643551E-05
         4.500,              ,  0.000000    ,  35999.99    ,  36000.00    ,  0.000000    ,  36000.00    ,  35999.99    , 0.5640984E-02, 0.3906250E-02,-0.1734734E-02,-0.2409353E-05,  71999.99    ,  12283.74    ,  637570.8    , 0.7560713E-02, 0.1185862E-05, 0.1185862E-05
         5.000,              ,  0.000000    ,  36000.00    ,  36000.00    ,  0.000000    ,  36000.00    ,  36000.00    ,-0.4204750E-02,-0.5859375E-02,-0.1654625E-02,-0.2298090E-05,  72000.00    ,  12283.73    ,  709570.8    , 0.5906088E-02, 0.8323465E-06, 0.8323465E-06
         5.500,              ,  0.000000    ,  36000.14    ,  36000.00    ,  0.000000    ,  36000.00    ,  36000.14    ,-0.1382608    ,-0.1357422    , 0.2518654E-02, 0.3498124E-05,  72000.14    ,  12283.59    ,  781571.0    , 0.8424742E-02, 0.1077924E-05, 0.1077924E-05
         6.000,              ,  0.000000    ,  35999.86    ,  36000.00    ,  0.000000    ,  36000.00    ,  35999.86    , 0.1386003    , 0.1376953    ,-0.9050369E-03,-0.1256998E-05,  71999.86    ,  12283.73    ,  853570.8    , 0.7519705E-02, 0.8809702E-06, 0.8809702E-06
         6.000,              ,  0.000000    ,  2.506247    ,  2.506256    ,  0.000000    ,  2.506256    ,  2.506247    , 0.8821487E-05, 0.4882812E-02, 0.4873991E-02, 0.9723666E-01,  5.012503    ,  12283.74    ,  853575.8    , 0.1239370E-01, 0.1451974E-05, 0.1451974E-05
